Afghanistan,Azerbaijan
Afghanistan,India
Afghanistan,Iran
Afghanistan,Kuwait
Afghanistan,Tajikistan
Afghanistan,Turkey
Afghanistan,United Arab Emirates
Albania,Austria
Albania,Germany
Albania,Greece
Albania,Italy
Albania,Slovenia
Albania,Turkey
Albania,United Kingdom
Algeria,Austria
Algeria,Belgium
Algeria,Burkina Faso
Algeria,Canada
Algeria,China
Algeria,Cote d'Ivoire
Algeria,Egypt
Algeria,France
Algeria,Germany
Algeria,Italy
Algeria,Jordan
Algeria,Lebanon
Algeria,Libya
Algeria,Malta
Algeria,Morocco
Algeria,Niger
Algeria,Portugal
Algeria,Russia
Algeria,Saudi Arabia
Algeria,Senegal
Algeria,Spain
Algeria,Switzerland
Algeria,Tunisia
Algeria,Turkey
Algeria,United Arab Emirates
Algeria,United Kingdom
Angola,Brazil
Angola,China
Angola,Congo
Angola,Cuba
Angola,Ethiopia
Angola,France
Angola,Germany
Angola,Kenya
Angola,Morocco
Angola,Mozambique
Angola,Namibia
Angola,Netherlands
Angola,Portugal
Angola,South Africa
Angola,Spain
Angola,United Arab Emirates
Angola,United Kingdom
Angola,Zimbabwe
Antigua and Barbuda,Canada
Antigua and Barbuda,Dominican Republic
Antigua and Barbuda,France
Antigua and Barbuda,Germany
Antigua and Barbuda,Jamaica
Antigua and Barbuda,Trinidad and Tobago
Antigua and Barbuda,United Kingdom
Antigua and Barbuda,United States
Argentina,Bolivia
Argentina,Brazil
Argentina,Chile
Argentina,Colombia
Argentina,Cuba
Argentina,Dominican Republic
Argentina,Ecuador
Argentina,France
Argentina,Germany
Argentina,Italy
Argentina,Mexico
Argentina,Paraguay
Argentina,Peru
Argentina,Spain
Argentina,United Kingdom
Argentina,United States
Argentina,Uruguay
Argentina,Venezuela
Armenia,Austria
Armenia,Belarus
Armenia,Czech Republic
Armenia,France
Armenia,Greece
Armenia,Iran
Armenia,Italy
Armenia,Kazakhstan
Armenia,Lebanon
Armenia,Poland
Armenia,Russia
Armenia,Ukraine
Armenia,United Arab Emirates
Australia,Brunei
Australia,Canada
Australia,Chile
Australia,China
Australia,Fiji
Australia,Hong Kong
Australia,India
Australia,Indonesia
Australia,Japan
Australia,Malaysia
Australia,Mauritius
Australia,New Zealand
Australia,Philippines
Australia,Samoa
Australia,Singapore
Australia,Solomon Islands
Australia,South Africa
Australia,South Korea
Australia,Thailand
Australia,United Arab Emirates
Australia,United States
Australia,Vanuatu
Australia,Vietnam
Austria,Albania
Austria,Algeria
Austria,Armenia
Austria,Azerbaijan
Austria,Belarus
Austria,Belgium
Austria,Bosnia and Herzegovina
Austria,Bulgaria
Austria,Canada
Austria,China
Austria,Croatia
Austria,Cyprus
Austria,Czech Republic
Austria,Denmark
Austria,Egypt
Austria,Finland
Austria,France
Austria,Georgia
Austria,Germany
Austria,Greece
Austria,Hungary
Austria,India
Austria,Iran
Austria,Iraq
Austria,Ireland
Austria,Israel
Austria,Italy
Austria,Japan
Austria,Jordan
Austria,Kazakhstan
Austria,Latvia
Austria,Lithuania
Austria,Luxembourg
Austria,Malta
Austria,Moldova
Austria,Montenegro
Austria,Netherlands
Austria,Norway
Austria,Poland
Austria,Portugal
Austria,Romania
Austria,Russia
Austria,Serbia
Austria,Slovakia
Austria,Slovenia
Austria,Spain
Austria,Sweden
Austria,Switzerland
Austria,Thailand
Austria,Tunisia
Austria,Turkey
Austria,Ukraine
Austria,United Arab Emirates
Austria,United Kingdom
Austria,United States
Azerbaijan,Afghanistan
Azerbaijan,Austria
Azerbaijan,Belarus
Azerbaijan,China
Azerbaijan,Czech Republic
Azerbaijan,France
Azerbaijan,Georgia
Azerbaijan,Germany
Azerbaijan,Hungary
Azerbaijan,Iran
Azerbaijan,Israel
Azerbaijan,Italy
Azerbaijan,Kazakhstan
Azerbaijan,Latvia
Azerbaijan,Russia
Azerbaijan,Turkey
Azerbaijan,Turkmenistan
Azerbaijan,Ukraine
Azerbaijan,United Arab Emirates
Azerbaijan,United Kingdom
Azerbaijan,Uzbekistan
Bahamas,Canada
Bahamas,Cuba
Bahamas,Jamaica
Bahamas,Panama
Bahamas,United Kingdom
Bahamas,United States
Bahrain,Cyprus
Bahrain,Egypt
Bahrain,Ethiopia
Bahrain,Germany
Bahrain,India
Bahrain,Iran
Bahrain,Iraq
Bahrain,Jordan
Bahrain,Kuwait
Bahrain,Lebanon
Bahrain,Oman
Bahrain,Pakistan
Bahrain,Philippines
Bahrain,Saudi Arabia
Bahrain,Sri Lanka
Bahrain,Sudan
Bahrain,Thailand
Bahrain,Turkey
Bahrain,United Arab Emirates
Bahrain,United Kingdom
Bahrain,Yemen
Bangladesh,Bhutan
Bangladesh,China
Bangladesh,Hong Kong
Bangladesh,India
Bangladesh,Kuwait
Bangladesh,Malaysia
Bangladesh,Nepal
Bangladesh,Oman
Bangladesh,Pakistan
Bangladesh,Saudi Arabia
Bangladesh,Singapore
Bangladesh,Sri Lanka
Bangladesh,Thailand
Bangladesh,Turkey
Bangladesh,United Arab Emirates
Bangladesh,United Kingdom
Belarus,Armenia
Belarus,Austria
Belarus,Azerbaijan
Belarus,Cyprus
Belarus,Czech Republic
Belarus,Finland
Belarus,France
Belarus,Georgia
Belarus,Germany
Belarus,Hungary
Belarus,Iran
Belarus,Israel
Belarus,Italy
Belarus,Kazakhstan
Belarus,Latvia
Belarus,Lebanon
Belarus,Lithuania
Belarus,Netherlands
Belarus,Poland
Belarus,Russia
Belarus,Spain
Belarus,Sweden
Belarus,Switzerland
Belarus,Turkey
Belarus,Turkmenistan
Belarus,Ukraine
Belarus,United Arab Emirates
Belarus,United Kingdom
Belgium,Algeria
Belgium,Angola
Belgium,Austria
Belgium,Benin
Belgium,Bulgaria
Belgium,Burkina Faso
Belgium,Cameroon
Belgium,Canada
Belgium,China
Belgium,Congo
Belgium,Cote d'Ivoire
Belgium,Croatia
Belgium,Cyprus
Belgium,Czech Republic
Belgium,Denmark
Belgium,Egypt
Belgium,Estonia
Belgium,Finland
Belgium,France
Belgium,Germany
Belgium,Greece
Belgium,Hungary
Belgium,Iceland
Belgium,India
Belgium,Ireland
Belgium,Israel
Belgium,Italy
Belgium,Latvia
Belgium,Lebanon
Belgium,Lithuania
Belgium,Malta
Belgium,Montenegro
Belgium,Morocco
Belgium,Netherlands
Belgium,Norway
Belgium,Poland
Belgium,Portugal
Belgium,Romania
Belgium,Russia
Belgium,Rwanda
Belgium,Senegal
Belgium,Serbia
Belgium,Sierra Leone
Belgium,Slovakia
Belgium,Slovenia
Belgium,Spain
Belgium,Sweden
Belgium,Switzerland
Belgium,Thailand
Belgium,Tunisia
Belgium,Turkey
Belgium,Ukraine
Belgium,United Arab Emirates
Belgium,United Kingdom
Belgium,United States
Benin,Cameroon
Benin,Congo
Benin,Cote d'Ivoire
Benin,Ethiopia
Benin,France
Benin,Gabon
Benin,Ghana
Benin,Kenya
Benin,Niger
Benin,Nigeria
Benin,Senegal
Benin,Togo
Bhutan,Bangladesh
Bhutan,India
Bhutan,Nepal
Bolivia,Argentina
Bolivia,Brazil
Bolivia,Chile
Bolivia,Colombia
Bolivia,Panama
Bolivia,Paraguay
Bolivia,Peru
Bolivia,Spain
Bolivia,United States
Bosnia and Herzegovina,Austria
Bosnia and Herzegovina,Croatia
Bosnia and Herzegovina,Denmark
Bosnia and Herzegovina,Germany
Bosnia and Herzegovina,Italy
Bosnia and Herzegovina,Serbia
Bosnia and Herzegovina,Slovenia
Bosnia and Herzegovina,Sweden
Bosnia and Herzegovina,Switzerland
Bosnia and Herzegovina,Turkey
Botswana,Kenya
Botswana,Namibia
Botswana,South Africa
Botswana,Zambia
Botswana,Zimbabwe
Brazil,Angola
Brazil,Argentina
Brazil,Bolivia
Brazil,Canada
Brazil,Cape Verde
Brazil,Chile
Brazil,Colombia
Brazil,Dominican Republic
Brazil,Ecuador
Brazil,France
Brazil,Germany
Brazil,Italy
Brazil,Mexico
Brazil,Netherlands
Brazil,Panama
Brazil,Paraguay
Brazil,Peru
Brazil,Portugal
Brazil,South Africa
Brazil,Spain
Brazil,Suriname
Brazil,Switzerland
Brazil,Togo
Brazil,Turkey
Brazil,United Arab Emirates
Brazil,United Kingdom
Brazil,United States
Brazil,Uruguay
Brazil,Venezuela
Brunei,Australia
Brunei,China
Brunei,Hong Kong
Brunei,Indonesia
Brunei,Malaysia
Brunei,Philippines
Brunei,Saudi Arabia
Brunei,Singapore
Brunei,Thailand
Brunei,United Arab Emirates
Bulgaria,Austria
Bulgaria,Belgium
Bulgaria,Cyprus
Bulgaria,Czech Republic
Bulgaria,Denmark
Bulgaria,Finland
Bulgaria,France
Bulgaria,Germany
Bulgaria,Greece
Bulgaria,Ireland
Bulgaria,Israel
Bulgaria,Italy
Bulgaria,Luxembourg
Bulgaria,Netherlands
Bulgaria,Norway
Bulgaria,Poland
Bulgaria,Romania
Bulgaria,Russia
Bulgaria,Serbia
Bulgaria,Spain
Bulgaria,Switzerland
Bulgaria,Turkey
Bulgaria,United Arab Emirates
Bulgaria,United Kingdom
Burkina Faso,Algeria
Burkina Faso,Belgium
Burkina Faso,Benin
Burkina Faso,Cote d'Ivoire
Burkina Faso,Ethiopia
Burkina Faso,France
Burkina Faso,Morocco
Burkina Faso,Niger
Burkina Faso,Senegal
Burkina Faso,Togo
Burkina Faso,Tunisia
Burkina Faso,Turkey
Cambodia,China
Cambodia,Hong Kong
Cambodia,Laos
Cambodia,Malaysia
Cambodia,Philippines
Cambodia,Singapore
Cambodia,South Korea
Cambodia,Thailand
Cambodia,Vietnam
Cameroon,Belgium
Cameroon,Benin
Cameroon,Chad
Cameroon,Congo
Cameroon,Cote d'Ivoire
Cameroon,Ethiopia
Cameroon,France
Cameroon,Gabon
Cameroon,Kenya
Cameroon,Morocco
Cameroon,Nigeria
Cameroon,Senegal
Cameroon,Togo
Cameroon,Turkey
Canada,Algeria
Canada,Antigua and Barbuda
Canada,Australia
Canada,Austria
Canada,Bahamas
Canada,Belgium
Canada,Brazil
Canada,Chile
Canada,China
Canada,Colombia
Canada,Costa Rica
Canada,Cuba
Canada,Denmark
Canada,Dominican Republic
Canada,Egypt
Canada,El Salvador
Canada,Ethiopia
Canada,France
Canada,Germany
Canada,Greece
Canada,Guyana
Canada,Hong Kong
Canada,Iceland
Canada,Ireland
Canada,Israel
Canada,Italy
Canada,Jamaica
Canada,Japan
Canada,Jordan
Canada,Mexico
Canada,Morocco
Canada,Netherlands
Canada,New Zealand
Canada,Panama
Canada,Peru
Canada,Philippines
Canada,Poland
Canada,Portugal
Canada,Russia
Canada,Saudi Arabia
Canada,South Korea
Canada,Spain
Canada,Switzerland
Canada,Trinidad and Tobago
Canada,Tunisia
Canada,Turkey
Canada,United Arab Emirates
Canada,United Kingdom
Canada,United States
Cape Verde,Brazil
Cape Verde,France
Cape Verde,Germany
Cape Verde,Luxembourg
Cape Verde,Morocco
Cape Verde,Netherlands
Cape Verde,Portugal
Cape Verde,Senegal
Cape Verde,Spain
Cape Verde,United Kingdom
Cape Verde,United States
Chad,Cameroon
Chad,Ethiopia
Chad,France
Chad,Niger
Chad,Nigeria
Chad,Turkey
Chile,Argentina
Chile,Australia
Chile,Bolivia
Chile,Brazil
Chile,Canada
Chile,Colombia
Chile,Dominican Republic
Chile,Ecuador
Chile,France
Chile,Mexico
Chile,New Zealand
Chile,Panama
Chile,Paraguay
Chile,Peru
Chile,Spain
Chile,United States
Chile,Uruguay
Chile,Venezuela
China,Algeria
China,Angola
China,Australia
China,Austria
China,Azerbaijan
China,Bangladesh
China,Belgium
China,Brunei
China,Cambodia
China,Canada
China,Denmark
China,Egypt
China,Ethiopia
China,Finland
China,France
China,Georgia
China,Germany
China,Hong Kong
China,India
China,Indonesia
China,Iran
China,Israel
China,Italy
China,Japan
China,Kazakhstan
China,Kenya
China,Kyrgyzstan
China,Laos
China,Malaysia
China,Mauritius
China,Mexico
China,Mongolia
China,Nepal
China,Netherlands
China,New Zealand
China,Pakistan
China,Philippines
China,Poland
China,Russia
China,Saudi Arabia
China,Singapore
China,South Africa
China,South Korea
China,Spain
China,Sri Lanka
China,Sweden
China,Switzerland
China,Tajikistan
China,Thailand
China,Turkey
China,Turkmenistan
China,United Arab Emirates
China,United Kingdom
China,United States
China,Uzbekistan
China,Vietnam
Colombia,Argentina
Colombia,Bolivia
Colombia,Brazil
Colombia,Canada
Colombia,Chile
Colombia,Costa Rica
Colombia,Cuba
Colombia,Dominican Republic
Colombia,Ecuador
Colombia,El Salvador
Colombia,France
Colombia,Germany
Colombia,Guatemala
Colombia,Mexico
Colombia,Panama
Colombia,Peru
Colombia,Spain
Colombia,United States
Colombia,Venezuela
Congo,Angola
Congo,Benin
Congo,Cameroon
Congo,Ethiopia
Congo,France
Congo,Gabon
Congo,Kenya
Congo,Morocco
Congo,Rwanda
Congo,South Africa
Congo,Belgium
Congo,Turkey
Congo,Zambia
Costa Rica,Canada
Costa Rica,Colombia
Costa Rica,Dominican Republic
Costa Rica,El Salvador
Costa Rica,Guatemala
Costa Rica,Honduras
Costa Rica,Mexico
Costa Rica,Nicaragua
Costa Rica,Panama
Costa Rica,Peru
Costa Rica,Spain
Costa Rica,United States
Cote d'Ivoire,Algeria
Cote d'Ivoire,Belgium
Cote d'Ivoire,Benin
Cote d'Ivoire,Burkina Faso
Cote d'Ivoire,Cameroon
Cote d'Ivoire,France
Cote d'Ivoire,Ghana
Cote d'Ivoire,Kenya
Cote d'Ivoire,Morocco
Cote d'Ivoire,Nigeria
Cote d'Ivoire,Senegal
Cote d'Ivoire,Sierra Leone
Cote d'Ivoire,Togo
Cote d'Ivoire,Tunisia
Cote d'Ivoire,Turkey
Croatia,Austria
Croatia,Belgium
Croatia,Bosnia and Herzegovina
Croatia,Czech Republic
Croatia,Denmark
Croatia,Estonia
Croatia,Finland
Croatia,France
Croatia,Germany
Croatia,Greece
Croatia,Hungary
Croatia,Ireland
Croatia,Italy
Croatia,Luxembourg
Croatia,Netherlands
Croatia,Norway
Croatia,Poland
Croatia,Russia
Croatia,Serbia
Croatia,Spain
Croatia,Sweden
Croatia,Switzerland
Croatia,Turkey
Croatia,United Kingdom
Cuba,Angola
Cuba,Argentina
Cuba,Bahamas
Cuba,Canada
Cuba,Colombia
Cuba,Dominican Republic
Cuba,Ecuador
Cuba,El Salvador
Cuba,France
Cuba,Germany
Cuba,Italy
Cuba,Jamaica
Cuba,Mexico
Cuba,Netherlands
Cuba,Panama
Cuba,Peru
Cuba,Russia
Cuba,Spain
Cuba,Switzerland
Cuba,United Kingdom
Cuba,Venezuela
Cyprus,Austria
Cyprus,Bahrain
Cyprus,Belarus
Cyprus,Belgium
Cyprus,Bulgaria
Cyprus,Egypt
Cyprus,France
Cyprus,Germany
Cyprus,Greece
Cyprus,Hungary
Cyprus,Israel
Cyprus,Italy
Cyprus,Jordan
Cyprus,Latvia
Cyprus,Lebanon
Cyprus,Lithuania
Cyprus,Malta
Cyprus,Moldova
Cyprus,Netherlands
Cyprus,Norway
Cyprus,Poland
Cyprus,Romania
Cyprus,Russia
Cyprus,Serbia
Cyprus,Sweden
Cyprus,Switzerland
Cyprus,Turkey
Cyprus,Ukraine
Cyprus,United Arab Emirates
Cyprus,United Kingdom
Czech Republic,Armenia
Czech Republic,Austria
Czech Republic,Azerbaijan
Czech Republic,Belarus
Czech Republic,Belgium
Czech Republic,Bulgaria
Czech Republic,Croatia
Czech Republic,Denmark
Czech Republic,Finland
Czech Republic,France
Czech Republic,Germany
Czech Republic,Greece
Czech Republic,Hungary
Czech Republic,Ireland
Czech Republic,Israel
Czech Republic,Italy
Czech Republic,Kazakhstan
Czech Republic,Latvia
Czech Republic,Lithuania
Czech Republic,Malta
Czech Republic,Netherlands
Czech Republic,Norway
Czech Republic,Poland
Czech Republic,Portugal
Czech Republic,Romania
Czech Republic,Russia
Czech Republic,Serbia
Czech Republic,Slovakia
Czech Republic,Slovenia
Czech Republic,South Korea
Czech Republic,Spain
Czech Republic,Sweden
Czech Republic,Switzerland
Czech Republic,Turkey
Czech Republic,Ukraine
Czech Republic,United Arab Emirates
Czech Republic,United Kingdom
Czech Republic,Uzbekistan
Denmark,Austria
Denmark,Belgium
Denmark,Bosnia and Herzegovina
Denmark,Bulgaria
Denmark,Canada
Denmark,China
Denmark,Croatia
Denmark,Czech Republic
Denmark,Egypt
Denmark,Estonia
Denmark,Finland
Denmark,France
Denmark,Germany
Denmark,Greece
Denmark,Hungary
Denmark,Iceland
Denmark,Ireland
Denmark,Israel
Denmark,Italy
Denmark,Japan
Denmark,Latvia
Denmark,Lithuania
Denmark,Luxembourg
Denmark,Malta
Denmark,Morocco
Denmark,Netherlands
Denmark,Norway
Denmark,Pakistan
Denmark,Poland
Denmark,Portugal
Denmark,Romania
Denmark,Russia
Denmark,Serbia
Denmark,Singapore
Denmark,Slovenia
Denmark,Spain
Denmark,Sweden
Denmark,Switzerland
Denmark,Thailand
Denmark,Turkey
Denmark,United Arab Emirates
Denmark,United Kingdom
Denmark,United States
Dominican Republic,Antigua and Barbuda
Dominican Republic,Argentina
Dominican Republic,Brazil
Dominican Republic,Canada
Dominican Republic,Chile
Dominican Republic,Colombia
Dominican Republic,Costa Rica
Dominican Republic,Cuba
Dominican Republic,France
Dominican Republic,Germany
Dominican Republic,Italy
Dominican Republic,Jamaica
Dominican Republic,Netherlands
Dominican Republic,Panama
Dominican Republic,Peru
Dominican Republic,Russia
Dominican Republic,Spain
Dominican Republic,Switzerland
Dominican Republic,United Kingdom
Dominican Republic,United States
Dominican Republic,Venezuela
Ecuador,Argentina
Ecuador,Brazil
Ecuador,Chile
Ecuador,Colombia
Ecuador,Cuba
Ecuador,El Salvador
Ecuador,Mexico
Ecuador,Netherlands
Ecuador,Panama
Ecuador,Peru
Ecuador,Spain
Ecuador,United States
Ecuador,Venezuela
Egypt,Algeria
Egypt,Austria
Egypt,Bahrain
Egypt,Belgium
Egypt,Canada
Egypt,China
Egypt,Cyprus
Egypt,Denmark
Egypt,Ethiopia
Egypt,France
Egypt,Germany
Egypt,Ghana
Egypt,Greece
Egypt,Hungary
Egypt,India
Egypt,Iraq
Egypt,Israel
Egypt,Italy
Egypt,Jordan
Egypt,Kenya
Egypt,Kuwait
Egypt,Lebanon
Egypt,Libya
Egypt,Morocco
Egypt,Netherlands
Egypt,Nigeria
Egypt,Oman
Egypt,Russia
Egypt,Saudi Arabia
Egypt,South Africa
Egypt,Spain
Egypt,Sudan
Egypt,Switzerland
Egypt,Tanzania
Egypt,Thailand
Egypt,Tunisia
Egypt,Turkey
Egypt,Uganda
Egypt,United Arab Emirates
Egypt,United Kingdom
Egypt,United States
Egypt,Yemen
El Salvador,Canada
El Salvador,Colombia
El Salvador,Costa Rica
El Salvador,Cuba
El Salvador,Ecuador
El Salvador,Guatemala
El Salvador,Honduras
El Salvador,Mexico
El Salvador,Nicaragua
El Salvador,Panama
El Salvador,Peru
El Salvador,Spain
El Salvador,United States
Estonia,Belgium
Estonia,Croatia
Estonia,Denmark
Estonia,Finland
Estonia,France
Estonia,Germany
Estonia,Greece
Estonia,Italy
Estonia,Latvia
Estonia,Lithuania
Estonia,Netherlands
Estonia,Norway
Estonia,Poland
Estonia,Russia
Estonia,Spain
Estonia,Sweden
Estonia,Turkey
Estonia,Ukraine
Estonia,United Kingdom
Ethiopia,Angola
Ethiopia,Bahrain
Ethiopia,Benin
Ethiopia,Burkina Faso
Ethiopia,Cameroon
Ethiopia,Chad
Ethiopia,China
Ethiopia,Congo
Ethiopia,Egypt
Ethiopia,France
Ethiopia,Gabon
Ethiopia,Germany
Ethiopia,Ghana
Ethiopia,Hong Kong
Ethiopia,India
Ethiopia,Italy
Ethiopia,Kenya
Ethiopia,Kuwait
Ethiopia,Lebanon
Ethiopia,Malawi
Ethiopia,Mozambique
Ethiopia,Niger
Ethiopia,Nigeria
Ethiopia,Oman
Ethiopia,Rwanda
Ethiopia,Saudi Arabia
Ethiopia,South Africa
Ethiopia,Sudan
Ethiopia,Tanzania
Ethiopia,Thailand
Ethiopia,Togo
Ethiopia,Turkey
Ethiopia,Uganda
Ethiopia,United Arab Emirates
Ethiopia,United Kingdom
Ethiopia,Yemen
Ethiopia,Zimbabwe
Fiji,Australia
Fiji,Hong Kong
Fiji,New Zealand
Fiji,Samoa
Fiji,Solomon Islands
Fiji,South Korea
Fiji,United States
Fiji,Vanuatu
Finland,Austria
Finland,Belarus
Finland,Belgium
Finland,Bulgaria
Finland,China
Finland,Croatia
Finland,Czech Republic
Finland,Denmark
Finland,Estonia
Finland,France
Finland,Germany
Finland,Greece
Finland,Hong Kong
Finland,Hungary
Finland,Iceland
Finland,India
Finland,Ireland
Finland,Israel
Finland,Italy
Finland,Japan
Finland,Latvia
Finland,Lithuania
Finland,Netherlands
Finland,Norway
Finland,Poland
Finland,Portugal
Finland,Russia
Finland,Singapore
Finland,Slovenia
Finland,South Korea
Finland,Spain
Finland,Sweden
Finland,Switzerland
Finland,Thailand
Finland,Turkey
Finland,Ukraine
Finland,United Kingdom
Finland,United States
France,Algeria
France,Angola
France,Antigua and Barbuda
France,Argentina
France,Armenia
France,Austria
France,Azerbaijan
France,Bahrain
France,Belarus
France,Belgium
France,Benin
France,Brazil
France,Bulgaria
France,Burkina Faso
France,Cameroon
France,Canada
France,Cape Verde
France,Chad
France,Chile
France,China
France,Colombia
France,Congo
France,Cote d'Ivoire
France,Croatia
France,Cuba
France,Cyprus
France,Czech Republic
France,Denmark
France,Dominican Republic
France,Egypt
France,Estonia
France,Ethiopia
France,Finland
France,Gabon
France,Georgia
France,Germany
France,Greece
France,Hong Kong
France,Hungary
France,Iceland
France,India
France,Iran
France,Ireland
France,Israel
France,Italy
France,Japan
France,Jordan
France,Kenya
France,Latvia
France,Lebanon
France,Lithuania
France,Luxembourg
France,Madagascar
France,Malaysia
France,Malta
France,Mauritania
France,Mauritius
France,Mexico
France,Moldova
France,Montenegro
France,Morocco
France,Netherlands
France,Niger
France,Nigeria
France,Norway
France,Oman
France,Panama
France,Peru
France,Poland
France,Portugal
France,Romania
France,Russia
France,Saudi Arabia
France,Senegal
France,Serbia
France,Singapore
France,Slovakia
France,Slovenia
France,South Africa
France,South Korea
France,Spain
France,Sri Lanka
France,Sweden
France,Switzerland
France,Thailand
France,Togo
France,Tunisia
France,Turkey
France,Ukraine
France,United Arab Emirates
France,United Kingdom
France,United States
France,Uzbekistan
France,Venezuela
France,Vietnam
Gabon,Benin
Gabon,Cameroon
Gabon,Congo
Gabon,Ethiopia
Gabon,France
Gabon,Morocco
Gabon,Nigeria
Gabon,Rwanda
Gabon,South Africa
Gabon,Togo
Gabon,Turkey
Georgia,Austria
Georgia,Azerbaijan
Georgia,Belarus
Georgia,China
Georgia,France
Georgia,Germany
Georgia,Greece
Georgia,Iraq
Georgia,Israel
Georgia,Italy
Georgia,Kazakhstan
Georgia,Latvia
Georgia,Lithuania
Georgia,Netherlands
Georgia,Poland
Georgia,Russia
Georgia,Turkey
Georgia,Ukraine
Georgia,United Arab Emirates
Germany,Albania
Germany,Algeria
Germany,Angola
Germany,Argentina
Germany,Austria
Germany,Azerbaijan
Germany,Belarus
Germany,Belgium
Germany,Bosnia and Herzegovina
Germany,Brazil
Germany,Bulgaria
Germany,Canada
Germany,Cape Verde
Germany,China
Germany,Colombia
Germany,Croatia
Germany,Cuba
Germany,Cyprus
Germany,Czech Republic
Germany,Denmark
Germany,Dominican Republic
Germany,Egypt
Germany,Estonia
Germany,Ethiopia
Germany,Finland
Germany,France
Germany,Georgia
Germany,Ghana
Germany,Greece
Germany,Hong Kong
Germany,Hungary
Germany,Iceland
Germany,India
Germany,Iran
Germany,Iraq
Germany,Ireland
Germany,Israel
Germany,Italy
Germany,Jamaica
Germany,Japan
Germany,Jordan
Germany,Kazakhstan
Germany,Kenya
Germany,Kuwait
Germany,Latvia
Germany,Lebanon
Germany,Lithuania
Germany,Luxembourg
Germany,Malaysia
Germany,Malta
Germany,Mauritius
Germany,Mexico
Germany,Moldova
Germany,Montenegro
Germany,Morocco
Germany,Namibia
Germany,Netherlands
Germany,Nigeria
Germany,Norway
Germany,Oman
Germany,Poland
Germany,Portugal
Germany,Romania
Germany,Russia
Germany,Saudi Arabia
Germany,Serbia
Germany,Seychelles
Germany,Singapore
Germany,Slovenia
Germany,South Africa
Germany,South Korea
Germany,Spain
Germany,Sri Lanka
Germany,Sweden
Germany,Switzerland
Germany,Tajikistan
Germany,Thailand
Germany,Trinidad and Tobago
Germany,Tunisia
Germany,Turkey
Germany,Turkmenistan
Germany,Ukraine
Germany,United Arab Emirates
Germany,United Kingdom
Germany,United States
Germany,Uzbekistan
Germany,Venezuela
Germany,Vietnam
Ghana,Benin
Ghana,Cote d'Ivoire
Ghana,Egypt
Ghana,Ethiopia
Ghana,Germany
Ghana,Italy
Ghana,Kenya
Ghana,Lebanon
Ghana,Morocco
Ghana,Namibia
Ghana,Netherlands
Ghana,Nigeria
Ghana,Portugal
Ghana,Senegal
Ghana,Sierra Leone
Ghana,South Africa
Ghana,Spain
Ghana,Togo
Ghana,Turkey
Ghana,United Arab Emirates
Ghana,United Kingdom
Ghana,United States
Greece,Albania
Greece,Armenia
Greece,Austria
Greece,Belgium
Greece,Bulgaria
Greece,Canada
Greece,Croatia
Greece,Cyprus
Greece,Czech Republic
Greece,Denmark
Greece,Egypt
Greece,Estonia
Greece,Finland
Greece,France
Greece,Georgia
Greece,Germany
Greece,Hungary
Greece,Ireland
Greece,Israel
Greece,Italy
Greece,Jordan
Greece,Latvia
Greece,Lebanon
Greece,Lithuania
Greece,Luxembourg
Greece,Malta
Greece,Moldova
Greece,Netherlands
Greece,Norway
Greece,Poland
Greece,Romania
Greece,Russia
Greece,Serbia
Greece,Spain
Greece,Sweden
Greece,Switzerland
Greece,Turkey
Greece,Ukraine
Greece,United Arab Emirates
Greece,United Kingdom
Greece,United States
Guatemala,Colombia
Guatemala,Costa Rica
Guatemala,El Salvador
Guatemala,Honduras
Guatemala,Mexico
Guatemala,Nicaragua
Guatemala,Panama
Guatemala,United States
Guyana,Canada
Guyana,Jamaica
Guyana,Suriname
Guyana,Trinidad and Tobago
Guyana,United States
Guyana,Venezuela
Honduras,Costa Rica
Honduras,El Salvador
Honduras,Guatemala
Honduras,Mexico
Honduras,Panama
Honduras,United States
Hong Kong,Australia
Hong Kong,Bangladesh
Hong Kong,Brunei
Hong Kong,Cambodia
Hong Kong,Canada
Hong Kong,China
Hong Kong,Ethiopia
Hong Kong,Fiji
Hong Kong,Finland
Hong Kong,France
Hong Kong,Germany
Hong Kong,India
Hong Kong,Indonesia
Hong Kong,Israel
Hong Kong,Italy
Hong Kong,Japan
Hong Kong,Kazakhstan
Hong Kong,Malaysia
Hong Kong,Mauritius
Hong Kong,Mongolia
Hong Kong,Netherlands
Hong Kong,New Zealand
Hong Kong,Philippines
Hong Kong,Russia
Hong Kong,Saudi Arabia
Hong Kong,Singapore
Hong Kong,South Africa
Hong Kong,South Korea
Hong Kong,Switzerland
Hong Kong,Thailand
Hong Kong,Turkey
Hong Kong,United Arab Emirates
Hong Kong,United Kingdom
Hong Kong,United States
Hong Kong,Vietnam
Hungary,Austria
Hungary,Azerbaijan
Hungary,Belarus
Hungary,Belgium
Hungary,Cyprus
Hungary,Czech Republic
Hungary,Denmark
Hungary,Egypt
Hungary,Finland
Hungary,France
Hungary,Germany
Hungary,Greece
Hungary,Ireland
Hungary,Israel
Hungary,Italy
Hungary,Latvia
Hungary,Malta
Hungary,Netherlands
Hungary,Norway
Hungary,Poland
Hungary,Portugal
Hungary,Romania
Hungary,Russia
Hungary,Serbia
Hungary,Spain
Hungary,Sweden
Hungary,Switzerland
Hungary,Turkey
Hungary,Ukraine
Hungary,United Arab Emirates
Hungary,United Kingdom
Iceland,Belgium
Iceland,Canada
Iceland,Denmark
Iceland,Finland
Iceland,France
Iceland,Germany
Iceland,Netherlands
Iceland,Norway
Iceland,Spain
Iceland,Sweden
Iceland,Switzerland
Iceland,United Kingdom
Iceland,United States
India,Afghanistan
India,Australia
India,Austria
India,Bahrain
India,Bangladesh
India,Belgium
India,Bhutan
India,China
India,Egypt
India,Ethiopia
India,Finland
India,France
India,Germany
India,Hong Kong
India,Iran
India,Israel
India,Italy
India,Japan
India,Jordan
India,Kazakhstan
India,Kenya
India,Kuwait
India,Malaysia
India,Mauritius
India,Nepal
India,Netherlands
India,Oman
India,Pakistan
India,Russia
India,Saudi Arabia
India,Singapore
India,South Africa
India,South Korea
India,Sri Lanka
India,Switzerland
India,Tajikistan
India,Thailand
India,Turkey
India,Turkmenistan
India,United Arab Emirates
India,United Kingdom
India,United States
India,Uzbekistan
India,Yemen
Indonesia,Australia
Indonesia,Brunei
Indonesia,China
Indonesia,Egypt
Indonesia,Hong Kong
Indonesia,Japan
Indonesia,Malaysia
Indonesia,Philippines
Indonesia,Saudi Arabia
Indonesia,Singapore
Indonesia,South Korea
Indonesia,Sri Lanka
Indonesia,Thailand
Indonesia,United Arab Emirates
Indonesia,Vietnam
Iran,Afghanistan
Iran,Armenia
Iran,Austria
Iran,Azerbaijan
Iran,Bahrain
Iran,Belarus
Iran,China
Iran,France
Iran,Germany
Iran,India
Iran,Iraq
Iran,Italy
Iran,Kazakhstan
Iran,Kuwait
Iran,Lebanon
Iran,Malaysia
Iran,Netherlands
Iran,Oman
Iran,Pakistan
Iran,Russia
Iran,Saudi Arabia
Iran,Sweden
Iran,Tajikistan
Iran,Thailand
Iran,Turkey
Iran,United Arab Emirates
Iran,United Kingdom
Iran,Uzbekistan
Iraq,Austria
Iraq,Bahrain
Iraq,Egypt
Iraq,Georgia
Iraq,Germany
Iraq,Iran
Iraq,Jordan
Iraq,Kuwait
Iraq,Lebanon
Iraq,Netherlands
Iraq,Sweden
Iraq,Turkey
Iraq,United Arab Emirates
Ireland,Austria
Ireland,Belgium
Ireland,Bulgaria
Ireland,Canada
Ireland,Croatia
Ireland,Czech Republic
Ireland,Denmark
Ireland,Finland
Ireland,France
Ireland,Germany
Ireland,Greece
Ireland,Hungary
Ireland,Italy
Ireland,Latvia
Ireland,Lithuania
Ireland,Malta
Ireland,Moldova
Ireland,Morocco
Ireland,Netherlands
Ireland,Norway
Ireland,Poland
Ireland,Portugal
Ireland,Romania
Ireland,Slovakia
Ireland,Spain
Ireland,Sweden
Ireland,Switzerland
Ireland,Turkey
Ireland,United Arab Emirates
Ireland,United Kingdom
Ireland,United States
Israel,Austria
Israel,Azerbaijan
Israel,Belarus
Israel,Belgium
Israel,Bulgaria
Israel,Canada
Israel,China
Israel,Cyprus
Israel,Czech Republic
Israel,Denmark
Israel,Egypt
Israel,Ethiopia
Israel,Finland
Israel,France
Israel,Georgia
Israel,Germany
Israel,Greece
Israel,Hong Kong
Israel,Hungary
Israel,India
Israel,Italy
Israel,Jordan
Israel,Latvia
Israel,Lithuania
Israel,Netherlands
Israel,Poland
Israel,Romania
Israel,Russia
Israel,Serbia
Israel,South Africa
Israel,South Korea
Israel,Spain
Israel,Sweden
Israel,Switzerland
Israel,Thailand
Israel,Turkey
Israel,Ukraine
Israel,United Kingdom
Israel,United States
Israel,Uzbekistan
Italy,Albania
Italy,Algeria
Italy,Argentina
Italy,Armenia
Italy,Austria
Italy,Azerbaijan
Italy,Bangladesh
Italy,Belarus
Italy,Belgium
Italy,Bosnia and Herzegovina
Italy,Brazil
Italy,Bulgaria
Italy,Canada
Italy,China
Italy,Croatia
Italy,Cuba
Italy,Cyprus
Italy,Czech Republic
Italy,Denmark
Italy,Dominican Republic
Italy,Egypt
Italy,Estonia
Italy,Ethiopia
Italy,Finland
Italy,France
Italy,Georgia
Italy,Germany
Italy,Greece
Italy,Hong Kong
Italy,Hungary
Italy,India
Italy,Iran
Italy,Ireland
Italy,Israel
Italy,Japan
Italy,Jordan
Italy,Kuwait
Italy,Latvia
Italy,Lebanon
Italy,Libya
Italy,Lithuania
Italy,Luxembourg
Italy,Malta
Italy,Mauritius
Italy,Mexico
Italy,Moldova
Italy,Montenegro
Italy,Morocco
Italy,Netherlands
Italy,Nigeria
Italy,Norway
Italy,Oman
Italy,Poland
Italy,Portugal
Italy,Romania
Italy,Russia
Italy,Saudi Arabia
Italy,Senegal
Italy,Serbia
Italy,Singapore
Italy,Slovakia
Italy,South Korea
Italy,Spain
Italy,Sri Lanka
Italy,Sweden
Italy,Switzerland
Italy,Thailand
Italy,Tunisia
Italy,Turkey
Italy,Ukraine
Italy,United Arab Emirates
Italy,United Kingdom
Italy,United States
Italy,Uzbekistan
Italy,Venezuela
Jamaica,Antigua and Barbuda
Jamaica,Bahamas
Jamaica,Canada
Jamaica,Dominican Republic
Jamaica,Germany
Jamaica,Guyana
Jamaica,Netherlands
Jamaica,Panama
Jamaica,Trinidad and Tobago
Jamaica,United Kingdom
Jamaica,United States
Japan,Australia
Japan,Austria
Japan,Canada
Japan,China
Japan,Denmark
Japan,Finland
Japan,France
Japan,Germany
Japan,Hong Kong
Japan,India
Japan,Indonesia
Japan,Italy
Japan,Malaysia
Japan,Mexico
Japan,Mongolia
Japan,Netherlands
Japan,New Zealand
Japan,Philippines
Japan,Russia
Japan,Singapore
Japan,South Korea
Japan,Sri Lanka
Japan,Switzerland
Japan,Thailand
Japan,Turkey
Japan,United Arab Emirates
Japan,United Kingdom
Japan,United States
Japan,Uzbekistan
Japan,Vietnam
Jordan,Algeria
Jordan,Austria
Jordan,Bahrain
Jordan,Canada
Jordan,Cyprus
Jordan,Egypt
Jordan,France
Jordan,Germany
Jordan,Greece
Jordan,India
Jordan,Iraq
Jordan,Israel
Jordan,Italy
Jordan,Kuwait
Jordan,Lebanon
Jordan,Libya
Jordan,Netherlands
Jordan,Nigeria
Jordan,Oman
Jordan,Romania
Jordan,Russia
Jordan,Saudi Arabia
Jordan,Spain
Jordan,Sudan
Jordan,Switzerland
Jordan,Thailand
Jordan,Tunisia
Jordan,Turkey
Jordan,Ukraine
Jordan,United Arab Emirates
Jordan,United Kingdom
Jordan,United States
Jordan,Yemen
Kazakhstan,Armenia
Kazakhstan,Austria
Kazakhstan,Azerbaijan
Kazakhstan,Belarus
Kazakhstan,China
Kazakhstan,Czech Republic
Kazakhstan,Georgia
Kazakhstan,Germany
Kazakhstan,Hong Kong
Kazakhstan,India
Kazakhstan,Iran
Kazakhstan,Kyrgyzstan
Kazakhstan,Malaysia
Kazakhstan,Netherlands
Kazakhstan,Russia
Kazakhstan,South Korea
Kazakhstan,Tajikistan
Kazakhstan,Thailand
Kazakhstan,Turkey
Kazakhstan,Ukraine
Kazakhstan,United Arab Emirates
Kazakhstan,United Kingdom
Kazakhstan,Uzbekistan
Kazakhstan,Vietnam
Kenya,Angola
Kenya,Belgium
Kenya,Botswana
Kenya,Cameroon
Kenya,China
Kenya,Congo
Kenya,Cote d'Ivoire
Kenya,Egypt
Kenya,Ethiopia
Kenya,France
Kenya,Germany
Kenya,Ghana
Kenya,India
Kenya,Madagascar
Kenya,Malawi
Kenya,Mauritius
Kenya,Mozambique
Kenya,Netherlands
Kenya,Nigeria
Kenya,Rwanda
Kenya,Saudi Arabia
Kenya,Seychelles
Kenya,South Africa
Kenya,South Korea
Kenya,Sudan
Kenya,Switzerland
Kenya,Tanzania
Kenya,Thailand
Kenya,Turkey
Kenya,Uganda
Kenya,United Arab Emirates
Kenya,United Kingdom
Kenya,Yemen
Kenya,Zambia
Kenya,Zimbabwe
Kuwait,Afghanistan
Kuwait,Bahrain
Kuwait,Bangladesh
Kuwait,Egypt
Kuwait,Ethiopia
Kuwait,Germany
Kuwait,India
Kuwait,Iran
Kuwait,Iraq
Kuwait,Italy
Kuwait,Jordan
Kuwait,Lebanon
Kuwait,Malaysia
Kuwait,Netherlands
Kuwait,Oman
Kuwait,Pakistan
Kuwait,Saudi Arabia
Kuwait,Sri Lanka
Kuwait,Thailand
Kuwait,Tunisia
Kuwait,Turkey
Kuwait,United Arab Emirates
Kuwait,United Kingdom
Kuwait,United States
Kyrgyzstan,China
Kyrgyzstan,Kazakhstan
Kyrgyzstan,Mongolia
Kyrgyzstan,Russia
Kyrgyzstan,Tajikistan
Kyrgyzstan,Turkey
Kyrgyzstan,United Arab Emirates
Kyrgyzstan,Uzbekistan
Laos,Cambodia
Laos,China
Laos,Malaysia
Laos,Singapore
Laos,South Korea
Laos,Thailand
Laos,Vietnam
Latvia,Austria
Latvia,Azerbaijan
Latvia,Belarus
Latvia,Belgium
Latvia,Cyprus
Latvia,Czech Republic
Latvia,Denmark
Latvia,Estonia
Latvia,Finland
Latvia,France
Latvia,Georgia
Latvia,Germany
Latvia,Greece
Latvia,Hungary
Latvia,Ireland
Latvia,Israel
Latvia,Italy
Latvia,Lithuania
Latvia,Malta
Latvia,Moldova
Latvia,Netherlands
Latvia,Norway
Latvia,Poland
Latvia,Russia
Latvia,Spain
Latvia,Sweden
Latvia,Switzerland
Latvia,Turkey
Latvia,Ukraine
Latvia,United Kingdom
Latvia,United States
Latvia,Uzbekistan
Lebanon,Algeria
Lebanon,Armenia
Lebanon,Bahrain
Lebanon,Belarus
Lebanon,Belgium
Lebanon,Cyprus
Lebanon,Egypt
Lebanon,Ethiopia
Lebanon,France
Lebanon,Germany
Lebanon,Ghana
Lebanon,Greece
Lebanon,Iran
Lebanon,Iraq
Lebanon,Italy
Lebanon,Jordan
Lebanon,Kuwait
Lebanon,Morocco
Lebanon,Nigeria
Lebanon,Oman
Lebanon,Romania
Lebanon,Russia
Lebanon,Saudi Arabia
Lebanon,Switzerland
Lebanon,Tunisia
Lebanon,Turkey
Lebanon,United Arab Emirates
Lebanon,United Kingdom
Lebanon,Yemen
Libya,Algeria
Libya,Egypt
Libya,Italy
Libya,Jordan
Libya,Malta
Libya,Morocco
Libya,Saudi Arabia
Libya,Spain
Libya,Tunisia
Libya,Turkey
Libya,United Arab Emirates
Libya,United Kingdom
Lithuania,Austria
Lithuania,Belarus
Lithuania,Belgium
Lithuania,Cyprus
Lithuania,Czech Republic
Lithuania,Denmark
Lithuania,Estonia
Lithuania,Finland
Lithuania,France
Lithuania,Georgia
Lithuania,Germany
Lithuania,Greece
Lithuania,Ireland
Lithuania,Israel
Lithuania,Italy
Lithuania,Latvia
Lithuania,Malta
Lithuania,Netherlands
Lithuania,Norway
Lithuania,Poland
Lithuania,Russia
Lithuania,Spain
Lithuania,Sweden
Lithuania,Turkey
Lithuania,Ukraine
Lithuania,United Kingdom
Luxembourg,Austria
Luxembourg,Bulgaria
Luxembourg,Cape Verde
Luxembourg,Croatia
Luxembourg,Denmark
Luxembourg,France
Luxembourg,Germany
Luxembourg,Greece
Luxembourg,Ireland
Luxembourg,Italy
Luxembourg,Malta
Luxembourg,Morocco
Luxembourg,Netherlands
Luxembourg,Portugal
Luxembourg,Spain
Luxembourg,Sweden
Luxembourg,Switzerland
Luxembourg,Tunisia
Luxembourg,Turkey
Luxembourg,United Kingdom
Madagascar,France
Madagascar,Kenya
Madagascar,Mauritius
Madagascar,South Africa
Madagascar,Thailand
Malawi,Ethiopia
Malawi,Kenya
Malawi,South Africa
Malawi,Tanzania
Malawi,Zambia
Malawi,Zimbabwe
Malaysia,Australia
Malaysia,Bangladesh
Malaysia,Brunei
Malaysia,Cambodia
Malaysia,China
Malaysia,France
Malaysia,Germany
Malaysia,Hong Kong
Malaysia,India
Malaysia,Indonesia
Malaysia,Iran
Malaysia,Japan
Malaysia,Kazakhstan
Malaysia,Kuwait
Malaysia,Laos
Malaysia,Mauritius
Malaysia,Nepal
Malaysia,Netherlands
Malaysia,New Zealand
Malaysia,Oman
Malaysia,Pakistan
Malaysia,Philippines
Malaysia,Saudi Arabia
Malaysia,Singapore
Malaysia,South Korea
Malaysia,Sri Lanka
Malaysia,Thailand
Malaysia,Turkey
Malaysia,United Arab Emirates
Malaysia,United Kingdom
Malaysia,Uzbekistan
Malaysia,Vietnam
Malta,Algeria
Malta,Austria
Malta,Belgium
Malta,Cyprus
Malta,Czech Republic
Malta,Denmark
Malta,France
Malta,Germany
Malta,Greece
Malta,Hungary
Malta,Ireland
Malta,Italy
Malta,Latvia
Malta,Libya
Malta,Lithuania
Malta,Luxembourg
Malta,Netherlands
Malta,Norway
Malta,Poland
Malta,Russia
Malta,Spain
Malta,Sweden
Malta,Switzerland
Malta,Tunisia
Malta,Turkey
Malta,United Kingdom
Marshall Islands,United States
Mauritania,France
Mauritania,Morocco
Mauritania,Senegal
Mauritania,Spain
Mauritania,Tunisia
Mauritius,Australia
Mauritius,China
Mauritius,France
Mauritius,Germany
Mauritius,Hong Kong
Mauritius,India
Mauritius,Italy
Mauritius,Kenya
Mauritius,Madagascar
Mauritius,Malaysia
Mauritius,Russia
Mauritius,Seychelles
Mauritius,South Africa
Mauritius,United Arab Emirates
Mauritius,United Kingdom
Mexico,Argentina
Mexico,Brazil
Mexico,Canada
Mexico,Chile
Mexico,China
Mexico,Colombia
Mexico,Costa Rica
Mexico,Cuba
Mexico,Ecuador
Mexico,El Salvador
Mexico,France
Mexico,Germany
Mexico,Guatemala
Mexico,Honduras
Mexico,Italy
Mexico,Japan
Mexico,Netherlands
Mexico,Panama
Mexico,Peru
Mexico,Russia
Mexico,Spain
Mexico,United Kingdom
Mexico,United States
Mexico,Venezuela
Moldova,Austria
Moldova,France
Moldova,Germany
Moldova,Greece
Moldova,Ireland
Moldova,Italy
Moldova,Latvia
Moldova,Portugal
Moldova,Romania
Moldova,Russia
Moldova,Turkey
Moldova,Ukraine
Moldova,United Arab Emirates
Moldova,United Kingdom
Mongolia,China
Mongolia,Hong Kong
Mongolia,Japan
Mongolia,Kyrgyzstan
Mongolia,Russia
Mongolia,South Korea
Mongolia,Thailand
Montenegro,Austria
Montenegro,Belgium
Montenegro,France
Montenegro,Germany
Montenegro,Italy
Montenegro,Russia
Montenegro,Serbia
Montenegro,Slovenia
Montenegro,Turkey
Montenegro,United Kingdom
Morocco,Algeria
Morocco,Angola
Morocco,Belgium
Morocco,Benin
Morocco,Burkina Faso
Morocco,Cameroon
Morocco,Canada
Morocco,Cape Verde
Morocco,Congo
Morocco,Cote d'Ivoire
Morocco,Denmark
Morocco,Egypt
Morocco,France
Morocco,Gabon
Morocco,Germany
Morocco,Ireland
Morocco,Italy
Morocco,Lebanon
Morocco,Libya
Morocco,Luxembourg
Morocco,Mauritania
Morocco,Netherlands
Morocco,Niger
Morocco,Norway
Morocco,Portugal
Morocco,Russia
Morocco,Saudi Arabia
Morocco,Senegal
Morocco,Sierra Leone
Morocco,Spain
Morocco,Sweden
Morocco,Switzerland
Morocco,Togo
Morocco,Tunisia
Morocco,Turkey
Morocco,United Arab Emirates
Morocco,United Kingdom
Morocco,United States
Mozambique,Angola
Mozambique,Ethiopia
Mozambique,Kenya
Mozambique,Portugal
Mozambique,South Africa
Mozambique,Tanzania
Namibia,Angola
Namibia,Botswana
Namibia,Germany
Namibia,South Africa
Namibia,Zambia
Namibia,Zimbabwe
Nepal,Bangladesh
Nepal,Bhutan
Nepal,China
Nepal,India
Nepal,Malaysia
Nepal,Oman
Nepal,Pakistan
Nepal,Singapore
Nepal,South Korea
Nepal,Thailand
Nepal,Turkey
Nepal,United Arab Emirates
Netherlands,Angola
Netherlands,Argentina
Netherlands,Austria
Netherlands,Belarus
Netherlands,Belgium
Netherlands,Brazil
Netherlands,Bulgaria
Netherlands,Canada
Netherlands,Cape Verde
Netherlands,China
Netherlands,Croatia
Netherlands,Cuba
Netherlands,Cyprus
Netherlands,Czech Republic
Netherlands,Denmark
Netherlands,Dominican Republic
Netherlands,Ecuador
Netherlands,Egypt
Netherlands,Estonia
Netherlands,Finland
Netherlands,France
Netherlands,Georgia
Netherlands,Germany
Netherlands,Ghana
Netherlands,Greece
Netherlands,Hong Kong
Netherlands,Hungary
Netherlands,Iceland
Netherlands,India
Netherlands,Iran
Netherlands,Iraq
Netherlands,Ireland
Netherlands,Israel
Netherlands,Italy
Netherlands,Japan
Netherlands,Jordan
Netherlands,Kazakhstan
Netherlands,Kenya
Netherlands,Kuwait
Netherlands,Latvia
Netherlands,Lithuania
Netherlands,Luxembourg
Netherlands,Malaysia
Netherlands,Malta
Netherlands,Mexico
Netherlands,Morocco
Netherlands,Nigeria
Netherlands,Norway
Netherlands,Panama
Netherlands,Peru
Netherlands,Poland
Netherlands,Portugal
Netherlands,Romania
Netherlands,Russia
Netherlands,Rwanda
Netherlands,Saudi Arabia
Netherlands,Serbia
Netherlands,Singapore
Netherlands,Slovenia
Netherlands,South Africa
Netherlands,South Korea
Netherlands,Spain
Netherlands,Suriname
Netherlands,Sweden
Netherlands,Switzerland
Netherlands,Tanzania
Netherlands,Thailand
Netherlands,Tunisia
Netherlands,Turkey
Netherlands,Ukraine
Netherlands,United Arab Emirates
Netherlands,United Kingdom
Netherlands,United States
Netherlands,Zimbabwe
New Zealand,Australia
New Zealand,Chile
New Zealand,China
New Zealand,Fiji
New Zealand,Hong Kong
New Zealand,Japan
New Zealand,Malaysia
New Zealand,Samoa
New Zealand,Singapore
New Zealand,South Korea
New Zealand,Thailand
New Zealand,United States
New Zealand,Vanuatu
Nicaragua,Costa Rica
Nicaragua,El Salvador
Nicaragua,Guatemala
Nicaragua,Panama
Nicaragua,United States
Niger,Algeria
Niger,Benin
Niger,Burkina Faso
Niger,Chad
Niger,Ethiopia
Niger,France
Niger,Morocco
Niger,Nigeria
Nigeria,Benin
Nigeria,Cameroon
Nigeria,Chad
Nigeria,Cote d'Ivoire
Nigeria,Egypt
Nigeria,Ethiopia
Nigeria,France
Nigeria,Gabon
Nigeria,Germany
Nigeria,Ghana
Nigeria,Jordan
Nigeria,Kenya
Nigeria,Lebanon
Nigeria,Morocco
Nigeria,Netherlands
Nigeria,Niger
Nigeria,Rwanda
Nigeria,Saudi Arabia
Nigeria,Senegal
Nigeria,Sierra Leone
Nigeria,South Africa
Nigeria,Spain
Nigeria,Sudan
Nigeria,Togo
Nigeria,Turkey
Nigeria,United Arab Emirates
Nigeria,United Kingdom
Nigeria,United States
Norway,Austria
Norway,Belgium
Norway,Bulgaria
Norway,Croatia
Norway,Cyprus
Norway,Czech Republic
Norway,Denmark
Norway,Estonia
Norway,Finland
Norway,France
Norway,Germany
Norway,Greece
Norway,Hungary
Norway,Iceland
Norway,Ireland
Norway,Italy
Norway,Latvia
Norway,Lithuania
Norway,Malta
Norway,Morocco
Norway,Netherlands
Norway,Poland
Norway,Portugal
Norway,Russia
Norway,Serbia
Norway,Slovakia
Norway,Spain
Norway,Sweden
Norway,Switzerland
Norway,Thailand
Norway,Turkey
Norway,Ukraine
Norway,United Kingdom
Norway,United States
Oman,Bahrain
Oman,Bangladesh
Oman,Egypt
Oman,Ethiopia
Oman,France
Oman,Germany
Oman,India
Oman,Iran
Oman,Italy
Oman,Jordan
Oman,Kuwait
Oman,Lebanon
Oman,Malaysia
Oman,Nepal
Oman,Pakistan
Oman,Saudi Arabia
Oman,Sri Lanka
Oman,Switzerland
Oman,Tanzania
Oman,Thailand
Oman,Turkey
Oman,United Arab Emirates
Oman,United Kingdom
Pakistan,Afghanistan
Pakistan,Bahrain
Pakistan,Bangladesh
Pakistan,Canada
Pakistan,China
Pakistan,India
Pakistan,Iran
Pakistan,Italy
Pakistan,Kuwait
Pakistan,Malaysia
Pakistan,Nepal
Pakistan,Norway
Pakistan,Oman
Pakistan,Saudi Arabia
Pakistan,Spain
Pakistan,Thailand
Pakistan,Turkey
Pakistan,United Arab Emirates
Pakistan,United Kingdom
Panama,Argentina
Panama,Bahamas
Panama,Bolivia
Panama,Brazil
Panama,Chile
Panama,Colombia
Panama,Costa Rica
Panama,Cuba
Panama,Dominican Republic
Panama,Ecuador
Panama,El Salvador
Panama,France
Panama,Guatemala
Panama,Honduras
Panama,Jamaica
Panama,Mexico
Panama,Netherlands
Panama,Nicaragua
Panama,Paraguay
Panama,Peru
Panama,Spain
Panama,Trinidad and Tobago
Panama,United States
Panama,Uruguay
Panama,Venezuela
Paraguay,Argentina
Paraguay,Bolivia
Paraguay,Brazil
Paraguay,Chile
Paraguay,Panama
Paraguay,Peru
Paraguay,United States
Paraguay,Uruguay
Peru,Argentina
Peru,Bolivia
Peru,Brazil
Peru,Canada
Peru,Chile
Peru,Colombia
Peru,Costa Rica
Peru,Cuba
Peru,Dominican Republic
Peru,Ecuador
Peru,El Salvador
Peru,France
Peru,Mexico
Peru,Netherlands
Peru,Panama
Peru,Paraguay
Peru,Spain
Peru,United States
Peru,Uruguay
Peru,Venezuela
Philippines,Australia
Philippines,Bahrain
Philippines,Brunei
Philippines,Cambodia
Philippines,Canada
Philippines,China
Philippines,Hong Kong
Philippines,Indonesia
Philippines,Japan
Philippines,Malaysia
Philippines,Saudi Arabia
Philippines,Singapore
Philippines,South Korea
Philippines,Thailand
Philippines,United Arab Emirates
Philippines,United Kingdom
Philippines,United States
Philippines,Vietnam
Poland,Armenia
Poland,Austria
Poland,Belarus
Poland,Belgium
Poland,Bulgaria
Poland,Canada
Poland,China
Poland,Croatia
Poland,Cyprus
Poland,Czech Republic
Poland,Denmark
Poland,Estonia
Poland,Finland
Poland,France
Poland,Georgia
Poland,Germany
Poland,Greece
Poland,Hungary
Poland,Ireland
Poland,Israel
Poland,Italy
Poland,Latvia
Poland,Lithuania
Poland,Malta
Poland,Netherlands
Poland,Norway
Poland,Portugal
Poland,Romania
Poland,Russia
Poland,Serbia
Poland,Slovenia
Poland,Spain
Poland,Sweden
Poland,Switzerland
Poland,Turkey
Poland,Ukraine
Poland,United Arab Emirates
Poland,United Kingdom
Poland,United States
Portugal,Algeria
Portugal,Angola
Portugal,Austria
Portugal,Belgium
Portugal,Brazil
Portugal,Canada
Portugal,Cape Verde
Portugal,Czech Republic
Portugal,Denmark
Portugal,Finland
Portugal,France
Portugal,Germany
Portugal,Ghana
Portugal,Hungary
Portugal,Ireland
Portugal,Italy
Portugal,Luxembourg
Portugal,Moldova
Portugal,Morocco
Portugal,Mozambique
Portugal,Netherlands
Portugal,Norway
Portugal,Poland
Portugal,Romania
Portugal,Russia
Portugal,Senegal
Portugal,Spain
Portugal,Sweden
Portugal,Switzerland
Portugal,Tunisia
Portugal,Turkey
Portugal,Ukraine
Portugal,United Arab Emirates
Portugal,United Kingdom
Portugal,United States
Portugal,Venezuela
Romania,Austria
Romania,Belgium
Romania,Bulgaria
Romania,Cyprus
Romania,Czech Republic
Romania,Denmark
Romania,France
Romania,Germany
Romania,Greece
Romania,Hungary
Romania,Ireland
Romania,Israel
Romania,Italy
Romania,Jordan
Romania,Lebanon
Romania,Moldova
Romania,Netherlands
Romania,Norway
Romania,Poland
Romania,Portugal
Romania,Russia
Romania,Serbia
Romania,Spain
Romania,Switzerland
Romania,Turkey
Romania,United Arab Emirates
Romania,United Kingdom
Russia,Algeria
Russia,Armenia
Russia,Austria
Russia,Azerbaijan
Russia,Belarus
Russia,Belgium
Russia,Bulgaria
Russia,Canada
Russia,China
Russia,Croatia
Russia,Cuba
Russia,Cyprus
Russia,Czech Republic
Russia,Denmark
Russia,Dominican Republic
Russia,Egypt
Russia,Estonia
Russia,Finland
Russia,France
Russia,Georgia
Russia,Germany
Russia,Greece
Russia,Hong Kong
Russia,Hungary
Russia,India
Russia,Iran
Russia,Israel
Russia,Italy
Russia,Japan
Russia,Jordan
Russia,Kazakhstan
Russia,Kyrgyzstan
Russia,Latvia
Russia,Lebanon
Russia,Lithuania
Russia,Malta
Russia,Mauritius
Russia,Mexico
Russia,Moldova
Russia,Mongolia
Russia,Montenegro
Russia,Morocco
Russia,Netherlands
Russia,Norway
Russia,Poland
Russia,Portugal
Russia,Romania
Russia,Serbia
Russia,Seychelles
Russia,Singapore
Russia,Slovenia
Russia,South Korea
Russia,Spain
Russia,Sweden
Russia,Switzerland
Russia,Tajikistan
Russia,Thailand
Russia,Tunisia
Russia,Turkey
Russia,Turkmenistan
Russia,Ukraine
Russia,United Arab Emirates
Russia,United Kingdom
Russia,United States
Russia,Uzbekistan
Russia,Vietnam
Rwanda,Belgium
Rwanda,Congo
Rwanda,Ethiopia
Rwanda,Gabon
Rwanda,Kenya
Rwanda,Nigeria
Rwanda,South Africa
Rwanda,Tanzania
Rwanda,Turkey
Rwanda,Uganda
Rwanda,United Arab Emirates
Samoa,Fiji
Samoa,New Zealand
Samoa,United States
Saudi Arabia,Algeria
Saudi Arabia,Bahrain
Saudi Arabia,Bangladesh
Saudi Arabia,Brunei
Saudi Arabia,Canada
Saudi Arabia,Chad
Saudi Arabia,China
Saudi Arabia,Egypt
Saudi Arabia,Ethiopia
Saudi Arabia,France
Saudi Arabia,Germany
Saudi Arabia,Hong Kong
Saudi Arabia,India
Saudi Arabia,Indonesia
Saudi Arabia,Iran
Saudi Arabia,Italy
Saudi Arabia,Jordan
Saudi Arabia,Kenya
Saudi Arabia,Kuwait
Saudi Arabia,Lebanon
Saudi Arabia,Libya
Saudi Arabia,Malaysia
Saudi Arabia,Morocco
Saudi Arabia,Netherlands
Saudi Arabia,Nigeria
Saudi Arabia,Oman
Saudi Arabia,Pakistan
Saudi Arabia,Philippines
Saudi Arabia,Singapore
Saudi Arabia,South Africa
Saudi Arabia,South Korea
Saudi Arabia,Spain
Saudi Arabia,Sri Lanka
Saudi Arabia,Sudan
Saudi Arabia,Switzerland
Saudi Arabia,Tunisia
Saudi Arabia,Turkey
Saudi Arabia,United Arab Emirates
Saudi Arabia,United Kingdom
Saudi Arabia,United States
Saudi Arabia,Yemen
Senegal,Algeria
Senegal,Belgium
Senegal,Benin
Senegal,Cameroon
Senegal,Cape Verde
Senegal,Cote d'Ivoire
Senegal,France
Senegal,Ghana
Senegal,Italy
Senegal,Mauritania
Senegal,Morocco
Senegal,Nigeria
Senegal,Portugal
Senegal,Sierra Leone
Senegal,South Africa
Senegal,Spain
Senegal,Tunisia
Senegal,Turkey
Senegal,United Arab Emirates
Senegal,United States
Serbia,Austria
Serbia,Belgium
Serbia,Bosnia and Herzegovina
Serbia,Bulgaria
Serbia,Croatia
Serbia,Cyprus
Serbia,Czech Republic
Serbia,Denmark
Serbia,France
Serbia,Germany
Serbia,Greece
Serbia,Hungary
Serbia,Israel
Serbia,Italy
Serbia,Montenegro
Serbia,Netherlands
Serbia,Norway
Serbia,Poland
Serbia,Romania
Serbia,Russia
Serbia,Slovenia
Serbia,Sweden
Serbia,Switzerland
Serbia,Tunisia
Serbia,Turkey
Serbia,United Arab Emirates
Serbia,United Kingdom
Seychelles,Germany
Seychelles,Mauritius
Seychelles,Russia
Seychelles,South Africa
Seychelles,Sri Lanka
Seychelles,United Arab Emirates
Sierra Leone,Cote d'Ivoire
Sierra Leone,France
Sierra Leone,Ghana
Sierra Leone,Morocco
Sierra Leone,Nigeria
Sierra Leone,Senegal
Sierra Leone,United Kingdom
Singapore,Australia
Singapore,Bangladesh
Singapore,Brunei
Singapore,Cambodia
Singapore,China
Singapore,Denmark
Singapore,Finland
Singapore,France
Singapore,Germany
Singapore,Hong Kong
Singapore,India
Singapore,Indonesia
Singapore,Italy
Singapore,Japan
Singapore,Laos
Singapore,Malaysia
Singapore,Nepal
Singapore,Netherlands
Singapore,New Zealand
Singapore,Philippines
Singapore,Russia
Singapore,Saudi Arabia
Singapore,South Africa
Singapore,South Korea
Singapore,Spain
Singapore,Sri Lanka
Singapore,Switzerland
Singapore,Thailand
Singapore,Turkey
Singapore,United Arab Emirates
Singapore,United Kingdom
Singapore,Uzbekistan
Singapore,Vietnam
Slovakia,Austria
Slovakia,Belgium
Slovakia,Czech Republic
Slovakia,France
Slovakia,Ireland
Slovakia,Italy
Slovakia,Norway
Slovakia,Spain
Slovakia,United Kingdom
Slovenia,Albania
Slovenia,Austria
Slovenia,Belgium
Slovenia,Bosnia and Herzegovina
Slovenia,Czech Republic
Slovenia,Denmark
Slovenia,Finland
Slovenia,France
Slovenia,Germany
Slovenia,Montenegro
Slovenia,Netherlands
Slovenia,Poland
Slovenia,Russia
Slovenia,Serbia
Slovenia,Switzerland
Slovenia,Turkey
Slovenia,United Kingdom
Solomon Islands,Australia
Solomon Islands,Fiji
Solomon Islands,Vanuatu
South Africa,Angola
South Africa,Australia
South Africa,Botswana
South Africa,Brazil
South Africa,Congo
South Africa,Egypt
South Africa,Ethiopia
South Africa,France
South Africa,Gabon
South Africa,Germany
South Africa,Ghana
South Africa,Hong Kong
South Africa,India
South Africa,Israel
South Africa,Kenya
South Africa,Madagascar
South Africa,Malawi
South Africa,Mauritius
South Africa,Mozambique
South Africa,Namibia
South Africa,Netherlands
South Africa,Nigeria
South Africa,Rwanda
South Africa,Saudi Arabia
South Africa,Senegal
South Africa,Seychelles
South Africa,Singapore
South Africa,Switzerland
South Africa,Tanzania
South Africa,Thailand
South Africa,Turkey
South Africa,Uganda
South Africa,United Arab Emirates
South Africa,United Kingdom
South Africa,United States
South Africa,Zambia
South Africa,Zimbabwe
South Korea,Australia
South Korea,Austria
South Korea,Cambodia
South Korea,Canada
South Korea,China
South Korea,Czech Republic
South Korea,Fiji
South Korea,Finland
South Korea,France
South Korea,Germany
South Korea,Hong Kong
South Korea,India
South Korea,Indonesia
South Korea,Israel
South Korea,Italy
South Korea,Japan
South Korea,Kazakhstan
South Korea,Kenya
South Korea,Laos
South Korea,Malaysia
South Korea,Mongolia
South Korea,Nepal
South Korea,Netherlands
South Korea,New Zealand
South Korea,Philippines
South Korea,Russia
South Korea,Saudi Arabia
South Korea,Singapore
South Korea,Spain
South Korea,Sri Lanka
South Korea,Thailand
South Korea,Turkey
South Korea,United Arab Emirates
South Korea,United Kingdom
South Korea,United States
South Korea,Uzbekistan
South Korea,Vietnam
Spain,Algeria
Spain,Angola
Spain,Argentina
Spain,Austria
Spain,Belarus
Spain,Belgium
Spain,Bolivia
Spain,Brazil
Spain,Bulgaria
Spain,Canada
Spain,Cape Verde
Spain,Chile
Spain,China
Spain,Colombia
Spain,Costa Rica
Spain,Croatia
Spain,Cuba
Spain,Czech Republic
Spain,Denmark
Spain,Dominican Republic
Spain,Ecuador
Spain,Egypt
Spain,Estonia
Spain,Finland
Spain,France
Spain,Germany
Spain,Ghana
Spain,Greece
Spain,Guatemala
Spain,Hungary
Spain,Iceland
Spain,Ireland
Spain,Israel
Spain,Italy
Spain,Jordan
Spain,Latvia
Spain,Libya
Spain,Lithuania
Spain,Luxembourg
Spain,Malta
Spain,Mauritania
Spain,Mexico
Spain,Morocco
Spain,Netherlands
Spain,Nigeria
Spain,Norway
Spain,Panama
Spain,Peru
Spain,Poland
Spain,Portugal
Spain,Romania
Spain,Russia
Spain,Saudi Arabia
Spain,Senegal
Spain,Singapore
Spain,Slovakia
Spain,South Korea
Spain,Sweden
Spain,Switzerland
Spain,Thailand
Spain,Tunisia
Spain,Turkey
Spain,Ukraine
Spain,United Arab Emirates
Spain,United Kingdom
Spain,United States
Spain,Uruguay
Spain,Venezuela
Sri Lanka,Bahrain
Sri Lanka,Bangladesh
Sri Lanka,China
Sri Lanka,France
Sri Lanka,Germany
Sri Lanka,India
Sri Lanka,Indonesia
Sri Lanka,Italy
Sri Lanka,Japan
Sri Lanka,Kuwait
Sri Lanka,Malaysia
Sri Lanka,Oman
Sri Lanka,Pakistan
Sri Lanka,Russia
Sri Lanka,Saudi Arabia
Sri Lanka,Seychelles
Sri Lanka,Singapore
Sri Lanka,South Korea
Sri Lanka,Thailand
Sri Lanka,United Arab Emirates
Sri Lanka,United Kingdom
Sudan,Bahrain
Sudan,Chad
Sudan,Egypt
Sudan,Ethiopia
Sudan,Jordan
Sudan,Kenya
Sudan,Saudi Arabia
Sudan,Turkey
Sudan,United Arab Emirates
Sudan,Yemen
Suriname,Brazil
Suriname,Guyana
Suriname,Netherlands
Suriname,Trinidad and Tobago
Sweden,Austria
Sweden,Belarus
Sweden,Belgium
Sweden,Bosnia and Herzegovina
Sweden,China
Sweden,Croatia
Sweden,Cyprus
Sweden,Czech Republic
Sweden,Denmark
Sweden,Estonia
Sweden,Ethiopia
Sweden,Finland
Sweden,France
Sweden,Germany
Sweden,Greece
Sweden,Hungary
Sweden,Iceland
Sweden,Iran
Sweden,Iraq
Sweden,Ireland
Sweden,Israel
Sweden,Italy
Sweden,Latvia
Sweden,Lithuania
Sweden,Luxembourg
Sweden,Malta
Sweden,Morocco
Sweden,Netherlands
Sweden,Norway
Sweden,Poland
Sweden,Portugal
Sweden,Russia
Sweden,Serbia
Sweden,Spain
Sweden,Switzerland
Sweden,Thailand
Sweden,Turkey
Sweden,United Arab Emirates
Sweden,United Kingdom
Sweden,United States
Switzerland,Algeria
Switzerland,Austria
Switzerland,Belarus
Switzerland,Belgium
Switzerland,Bosnia and Herzegovina
Switzerland,Brazil
Switzerland,Bulgaria
Switzerland,Canada
Switzerland,China
Switzerland,Croatia
Switzerland,Cuba
Switzerland,Cyprus
Switzerland,Czech Republic
Switzerland,Denmark
Switzerland,Dominican Republic
Switzerland,Egypt
Switzerland,Finland
Switzerland,France
Switzerland,Germany
Switzerland,Greece
Switzerland,Hong Kong
Switzerland,Hungary
Switzerland,Iceland
Switzerland,India
Switzerland,Ireland
Switzerland,Israel
Switzerland,Italy
Switzerland,Japan
Switzerland,Jordan
Switzerland,Kenya
Switzerland,Latvia
Switzerland,Lebanon
Switzerland,Luxembourg
Switzerland,Malta
Switzerland,Montenegro
Switzerland,Morocco
Switzerland,Netherlands
Switzerland,Norway
Switzerland,Oman
Switzerland,Poland
Switzerland,Portugal
Switzerland,Romania
Switzerland,Russia
Switzerland,Saudi Arabia
Switzerland,Serbia
Switzerland,Singapore
Switzerland,Slovenia
Switzerland,South Africa
Switzerland,South Korea
Switzerland,Spain
Switzerland,Sweden
Switzerland,Thailand
Switzerland,Tunisia
Switzerland,Turkey
Switzerland,Ukraine
Switzerland,United Arab Emirates
Switzerland,United Kingdom
Switzerland,United States
Tajikistan,China
Tajikistan,Germany
Tajikistan,India
Tajikistan,Iran
Tajikistan,Kazakhstan
Tajikistan,Kyrgyzstan
Tajikistan,Russia
Tajikistan,Turkey
Tajikistan,United Arab Emirates
Tanzania,Egypt
Tanzania,Ethiopia
Tanzania,Germany
Tanzania,Kenya
Tanzania,Malawi
Tanzania,Mozambique
Tanzania,Netherlands
Tanzania,Oman
Tanzania,Rwanda
Tanzania,South Africa
Tanzania,Turkey
Tanzania,Uganda
Tanzania,United Arab Emirates
Tanzania,Zimbabwe
Thailand,Australia
Thailand,Austria
Thailand,Bahrain
Thailand,Bangladesh
Thailand,Belgium
Thailand,Brunei
Thailand,Cambodia
Thailand,China
Thailand,Denmark
Thailand,Egypt
Thailand,Ethiopia
Thailand,Finland
Thailand,France
Thailand,Germany
Thailand,Hong Kong
Thailand,India
Thailand,Indonesia
Thailand,Iran
Thailand,Israel
Thailand,Italy
Thailand,Japan
Thailand,Jordan
Thailand,Kazakhstan
Thailand,Kenya
Thailand,Kuwait
Thailand,Laos
Thailand,Madagascar
Thailand,Malaysia
Thailand,Mongolia
Thailand,Nepal
Thailand,Netherlands
Thailand,New Zealand
Thailand,Norway
Thailand,Oman
Thailand,Pakistan
Thailand,Philippines
Thailand,Russia
Thailand,Singapore
Thailand,South Africa
Thailand,South Korea
Thailand,Spain
Thailand,Sri Lanka
Thailand,Sweden
Thailand,Switzerland
Thailand,Turkey
Thailand,Ukraine
Thailand,United Arab Emirates
Thailand,United Kingdom
Thailand,Uzbekistan
Thailand,Vietnam
Togo,Belgium
Togo,Benin
Togo,Brazil
Togo,Burkina Faso
Togo,Cameroon
Togo,Cote d'Ivoire
Togo,Ethiopia
Togo,France
Togo,Gabon
Togo,Ghana
Togo,Nigeria
Trinidad and Tobago,Antigua and Barbuda
Trinidad and Tobago,Canada
Trinidad and Tobago,Guyana
Trinidad and Tobago,Jamaica
Trinidad and Tobago,Panama
Trinidad and Tobago,Suriname
Trinidad and Tobago,United Kingdom
Trinidad and Tobago,United States
Trinidad and Tobago,Venezuela
Tunisia,Algeria
Tunisia,Austria
Tunisia,Belgium
Tunisia,Burkina Faso
Tunisia,Cote d'Ivoire
Tunisia,Egypt
Tunisia,France
Tunisia,Germany
Tunisia,Italy
Tunisia,Jordan
Tunisia,Kuwait
Tunisia,Lebanon
Tunisia,Libya
Tunisia,Luxembourg
Tunisia,Malta
Tunisia,Mauritania
Tunisia,Morocco
Tunisia,Netherlands
Tunisia,Portugal
Tunisia,Russia
Tunisia,Saudi Arabia
Tunisia,Senegal
Tunisia,Serbia
Tunisia,Spain
Tunisia,Switzerland
Tunisia,Turkey
Tunisia,United Arab Emirates
Tunisia,United Kingdom
Turkey,Afghanistan
Turkey,Albania
Turkey,Algeria
Turkey,Austria
Turkey,Azerbaijan
Turkey,Bahrain
Turkey,Bangladesh
Turkey,Belarus
Turkey,Belgium
Turkey,Bosnia and Herzegovina
Turkey,Brazil
Turkey,Bulgaria
Turkey,Cameroon
Turkey,Canada
Turkey,China
Turkey,Congo
Turkey,Croatia
Turkey,Cyprus
Turkey,Czech Republic
Turkey,Denmark
Turkey,Egypt
Turkey,Estonia
Turkey,Ethiopia
Turkey,Finland
Turkey,France
Turkey,Georgia
Turkey,Germany
Turkey,Ghana
Turkey,Greece
Turkey,Hong Kong
Turkey,Hungary
Turkey,India
Turkey,Iran
Turkey,Iraq
Turkey,Ireland
Turkey,Israel
Turkey,Italy
Turkey,Japan
Turkey,Jordan
Turkey,Kazakhstan
Turkey,Kenya
Turkey,Kuwait
Turkey,Kyrgyzstan
Turkey,Latvia
Turkey,Lebanon
Turkey,Libya
Turkey,Lithuania
Turkey,Luxembourg
Turkey,Malaysia
Turkey,Malta
Turkey,Moldova
Turkey,Morocco
Turkey,Nepal
Turkey,Netherlands
Turkey,Niger
Turkey,Nigeria
Turkey,Norway
Turkey,Oman
Turkey,Pakistan
Turkey,Poland
Turkey,Portugal
Turkey,Romania
Turkey,Russia
Turkey,Rwanda
Turkey,Saudi Arabia
Turkey,Serbia
Turkey,Singapore
Turkey,Slovenia
Turkey,South Africa
Turkey,South Korea
Turkey,Spain
Turkey,Sudan
Turkey,Sweden
Turkey,Switzerland
Turkey,Tajikistan
Turkey,Tanzania
Turkey,Thailand
Turkey,Tunisia
Turkey,Turkmenistan
Turkey,Ukraine
Turkey,United Arab Emirates
Turkey,United Kingdom
Turkey,United States
Turkey,Uzbekistan
Turkey,Yemen
Turkmenistan,Azerbaijan
Turkmenistan,Belarus
Turkmenistan,China
Turkmenistan,Germany
Turkmenistan,India
Turkmenistan,Russia
Turkmenistan,Turkey
Turkmenistan,United Arab Emirates
Turkmenistan,United Kingdom
Uganda,Belgium
Uganda,Egypt
Uganda,Kenya
Uganda,Netherlands
Uganda,Rwanda
Uganda,South Africa
Uganda,Sudan
Uganda,Tanzania
Uganda,Turkey
Uganda,United Arab Emirates
Uganda,United Kingdom
Ukraine,Armenia
Ukraine,Austria
Ukraine,Azerbaijan
Ukraine,Belarus
Ukraine,Belgium
Ukraine,Cyprus
Ukraine,Czech Republic
Ukraine,Estonia
Ukraine,Finland
Ukraine,France
Ukraine,Georgia
Ukraine,Germany
Ukraine,Greece
Ukraine,Hungary
Ukraine,Israel
Ukraine,Italy
Ukraine,Jordan
Ukraine,Kazakhstan
Ukraine,Latvia
Ukraine,Lithuania
Ukraine,Moldova
Ukraine,Netherlands
Ukraine,Norway
Ukraine,Poland
Ukraine,Portugal
Ukraine,Russia
Ukraine,Spain
Ukraine,Switzerland
Ukraine,Thailand
Ukraine,Turkey
Ukraine,United Arab Emirates
Ukraine,United Kingdom
Ukraine,United States
Ukraine,Uzbekistan
United Arab Emirates,Afghanistan
United Arab Emirates,Algeria
United Arab Emirates,Angola
United Arab Emirates,Armenia
United Arab Emirates,Australia
United Arab Emirates,Austria
United Arab Emirates,Azerbaijan
United Arab Emirates,Bahrain
United Arab Emirates,Bangladesh
United Arab Emirates,Belarus
United Arab Emirates,Belgium
United Arab Emirates,Brazil
United Arab Emirates,Brunei
United Arab Emirates,Bulgaria
United Arab Emirates,Canada
United Arab Emirates,China
United Arab Emirates,Cyprus
United Arab Emirates,Czech Republic
United Arab Emirates,Denmark
United Arab Emirates,Egypt
United Arab Emirates,Ethiopia
United Arab Emirates,France
United Arab Emirates,Georgia
United Arab Emirates,Germany
United Arab Emirates,Ghana
United Arab Emirates,Greece
United Arab Emirates,Hong Kong
United Arab Emirates,Hungary
United Arab Emirates,India
United Arab Emirates,Indonesia
United Arab Emirates,Iran
United Arab Emirates,Iraq
United Arab Emirates,Ireland
United Arab Emirates,Italy
United Arab Emirates,Japan
United Arab Emirates,Jordan
United Arab Emirates,Kazakhstan
United Arab Emirates,Kenya
United Arab Emirates,Kuwait
United Arab Emirates,Kyrgyzstan
United Arab Emirates,Lebanon
United Arab Emirates,Libya
United Arab Emirates,Malaysia
United Arab Emirates,Malta
United Arab Emirates,Mauritius
United Arab Emirates,Moldova
United Arab Emirates,Morocco
United Arab Emirates,Nepal
United Arab Emirates,Netherlands
United Arab Emirates,Nigeria
United Arab Emirates,Oman
United Arab Emirates,Pakistan
United Arab Emirates,Philippines
United Arab Emirates,Poland
United Arab Emirates,Portugal
United Arab Emirates,Romania
United Arab Emirates,Russia
United Arab Emirates,Rwanda
United Arab Emirates,Saudi Arabia
United Arab Emirates,Senegal
United Arab Emirates,Serbia
United Arab Emirates,Seychelles
United Arab Emirates,Singapore
United Arab Emirates,South Africa
United Arab Emirates,South Korea
United Arab Emirates,Spain
United Arab Emirates,Sri Lanka
United Arab Emirates,Sudan
United Arab Emirates,Sweden
United Arab Emirates,Switzerland
United Arab Emirates,Tajikistan
United Arab Emirates,Tanzania
United Arab Emirates,Thailand
United Arab Emirates,Tunisia
United Arab Emirates,Turkey
United Arab Emirates,Turkmenistan
United Arab Emirates,Uganda
United Arab Emirates,Ukraine
United Arab Emirates,United Kingdom
United Arab Emirates,United States
United Arab Emirates,Uzbekistan
United Arab Emirates,Vietnam
United Arab Emirates,Yemen
United Arab Emirates,Zambia
United Kingdom,Albania
United Kingdom,Algeria
United Kingdom,Angola
United Kingdom,Antigua and Barbuda
United Kingdom,Argentina
United Kingdom,Austria
United Kingdom,Azerbaijan
United Kingdom,Bahrain
United Kingdom,Bangladesh
United Kingdom,Belarus
United Kingdom,Belgium
United Kingdom,Brazil
United Kingdom,Bulgaria
United Kingdom,Canada
United Kingdom,Cape Verde
United Kingdom,China
United Kingdom,Croatia
United Kingdom,Cuba
United Kingdom,Cyprus
United Kingdom,Czech Republic
United Kingdom,Denmark
United Kingdom,Dominican Republic
United Kingdom,Egypt
United Kingdom,Estonia
United Kingdom,Ethiopia
United Kingdom,Finland
United Kingdom,France
United Kingdom,Germany
United Kingdom,Ghana
United Kingdom,Greece
United Kingdom,Hong Kong
United Kingdom,Hungary
United Kingdom,Iceland
United Kingdom,India
United Kingdom,Iran
United Kingdom,Ireland
United Kingdom,Israel
United Kingdom,Italy
United Kingdom,Jamaica
United Kingdom,Japan
United Kingdom,Jordan
United Kingdom,Kazakhstan
United Kingdom,Kenya
United Kingdom,Kuwait
United Kingdom,Latvia
United Kingdom,Lebanon
United Kingdom,Libya
United Kingdom,Lithuania
United Kingdom,Luxembourg
United Kingdom,Malaysia
United Kingdom,Malta
United Kingdom,Mauritius
United Kingdom,Mexico
United Kingdom,Moldova
United Kingdom,Montenegro
United Kingdom,Morocco
United Kingdom,Netherlands
United Kingdom,Nigeria
United Kingdom,Norway
United Kingdom,Oman
United Kingdom,Pakistan
United Kingdom,Philippines
United Kingdom,Poland
United Kingdom,Portugal
United Kingdom,Romania
United Kingdom,Russia
United Kingdom,Saudi Arabia
United Kingdom,Serbia
United Kingdom,Sierra Leone
United Kingdom,Singapore
United Kingdom,Slovakia
United Kingdom,Slovenia
United Kingdom,South Africa
United Kingdom,South Korea
United Kingdom,Spain
United Kingdom,Sri Lanka
United Kingdom,Sweden
United Kingdom,Switzerland
United Kingdom,Thailand
United Kingdom,Trinidad and Tobago
United Kingdom,Tunisia
United Kingdom,Turkey
United Kingdom,Turkmenistan
United Kingdom,Uganda
United Kingdom,Ukraine
United Kingdom,United Arab Emirates
United Kingdom,United States
United Kingdom,Uzbekistan
United States,Antigua and Barbuda
United States,Argentina
United States,Australia
United States,Austria
United States,Bahamas
United States,Belgium
United States,Bolivia
United States,Brazil
United States,Canada
United States,Cape Verde
United States,Chile
United States,China
United States,Colombia
United States,Costa Rica
United States,Denmark
United States,Dominican Republic
United States,Ecuador
United States,Egypt
United States,El Salvador
United States,Ethiopia
United States,Fiji
United States,Finland
United States,France
United States,Germany
United States,Ghana
United States,Greece
United States,Guatemala
United States,Guyana
United States,Honduras
United States,Hong Kong
United States,Iceland
United States,India
United States,Ireland
United States,Israel
United States,Italy
United States,Jamaica
United States,Japan
United States,Jordan
United States,Kuwait
United States,Latvia
United States,Marshall Islands
United States,Mexico
United States,Morocco
United States,Netherlands
United States,New Zealand
United States,Nicaragua
United States,Nigeria
United States,Norway
United States,Pakistan
United States,Panama
United States,Paraguay
United States,Peru
United States,Philippines
United States,Poland
United States,Portugal
United States,Russia
United States,Samoa
United States,Saudi Arabia
United States,Senegal
United States,South Africa
United States,South Korea
United States,Spain
United States,Sweden
United States,Switzerland
United States,Trinidad and Tobago
United States,Turkey
United States,Ukraine
United States,United Arab Emirates
United States,United Kingdom
United States,Uruguay
United States,Venezuela
Uruguay,Argentina
Uruguay,Brazil
Uruguay,Chile
Uruguay,Panama
Uruguay,Paraguay
Uruguay,Peru
Uruguay,Spain
Uruguay,United States
Uzbekistan,Azerbaijan
Uzbekistan,China
Uzbekistan,Czech Republic
Uzbekistan,France
Uzbekistan,Germany
Uzbekistan,India
Uzbekistan,Iran
Uzbekistan,Israel
Uzbekistan,Italy
Uzbekistan,Japan
Uzbekistan,Kazakhstan
Uzbekistan,Kyrgyzstan
Uzbekistan,Latvia
Uzbekistan,Malaysia
Uzbekistan,Russia
Uzbekistan,Singapore
Uzbekistan,South Korea
Uzbekistan,Thailand
Uzbekistan,Turkey
Uzbekistan,Ukraine
Uzbekistan,United Arab Emirates
Uzbekistan,United Kingdom
Vanuatu,Australia
Vanuatu,Fiji
Vanuatu,New Zealand
Vanuatu,Solomon Islands
Venezuela,Argentina
Venezuela,Brazil
Venezuela,Chile
Venezuela,Colombia
Venezuela,Cuba
Venezuela,Dominican Republic
Venezuela,Ecuador
Venezuela,France
Venezuela,Germany
Venezuela,Guyana
Venezuela,Italy
Venezuela,Mexico
Venezuela,Panama
Venezuela,Peru
Venezuela,Portugal
Venezuela,Spain
Venezuela,Trinidad and Tobago
Venezuela,United States
Vietnam,Australia
Vietnam,Cambodia
Vietnam,China
Vietnam,France
Vietnam,Germany
Vietnam,Hong Kong
Vietnam,Indonesia
Vietnam,Japan
Vietnam,Kazakhstan
Vietnam,Laos
Vietnam,Malaysia
Vietnam,Philippines
Vietnam,Russia
Vietnam,Singapore
Vietnam,South Korea
Vietnam,Thailand
Vietnam,United Arab Emirates
Yemen,Bahrain
Yemen,Egypt
Yemen,Ethiopia
Yemen,India
Yemen,Jordan
Yemen,Kenya
Yemen,Kuwait
Yemen,Lebanon
Yemen,Saudi Arabia
Yemen,Sudan
Yemen,Turkey
Yemen,United Arab Emirates
Zambia,Angola
Zambia,Botswana
Zambia,Congo
Zambia,Ethiopia
Zambia,Kenya
Zambia,Malawi
Zambia,Namibia
Zambia,Netherlands
Zambia,South Africa
Zambia,United Arab Emirates
Zambia,Zimbabwe
Zimbabwe,Botswana
Zimbabwe,Ethiopia
Zimbabwe,Kenya
Zimbabwe,Malawi
Zimbabwe,Namibia
Zimbabwe,South Africa
Zimbabwe,Tanzania
Zimbabwe,Zambia
